{
  "cnn_only": {
    "accuracy": 0.4888888888888889,
    "precision": [
      0.5714285714285714,
      0.5476190476190477,
      0.7352941176470589,
      0.3711340206185567
    ],
    "recall": [
      0.07407407407407407,
      0.5,
      0.5681818181818182,
      1.0
    ],
    "f1": [
      0.13114754098360656,
      0.5227272727272727,
      0.6410256410256411,
      0.5413533834586466
    ],
    "far": 0.023809523809523808,
    "confusion_matrix": [
      [
        4,
        19,
        9,
        22
      ],
      [
        2,
        23,
        0,
        21
      ],
      [
        1,
        0,
        25,
        18
      ],
      [
        0,
        0,
        0,
        36
      ]
    ],
    "latency": {
      "mean_ms": 1.3438729600008514,
      "std_ms": 0.07674379393697349,
      "median_ms": 1.3228749999925071,
      "p95_ms": 1.488411050005567
    }
  },
  "cnn_bfp": {
    "accuracy": 0.4777777777777778,
    "precision": [
      0.43333333333333335,
      0.34210526315789475,
      0.7142857142857143,
      0.5641025641025641
    ],
    "recall": [
      0.24074074074074073,
      0.5652173913043478,
      0.5681818181818182,
      0.6111111111111112
    ],
    "f1": [
      0.30952380952380953,
      0.4262295081967213,
      0.6329113924050633,
      0.5866666666666667
    ],
    "far": 0.1349206349206349,
    "confusion_matrix": [
      [
        13,
        25,
        10,
        6
      ],
      [
        15,
        26,
        0,
        5
      ],
      [
        1,
        12,
        25,
        6
      ],
      [
        1,
        13,
        0,
        22
      ]
    ],
    "latency": {
      "mean_ms": 1.3671454100003189,
      "std_ms": 0.028017329191704146,
      "median_ms": 1.361353499987672,
      "p95_ms": 1.4041332999937595
    }
  },
  "cnn_lstm_bfp": {
    "accuracy": 0.9583333333333334,
    "precision": [
      0.8823529411764706,
      1.0,
      1.0,
      1.0
    ],
    "recall": [
      1.0,
      0.8378378378378378,
      1.0,
      1.0
    ],
    "f1": [
      0.9375,
      0.9117647058823529,
      1.0,
      1.0
    ],
    "far": 0.06060606060606061,
    "confusion_matrix": [
      [
        45,
        0,
        0,
        0
      ],
      [
        6,
        31,
        0,
        0
      ],
      [
        0,
        0,
        35,
        0
      ],
      [
        0,
        0,
        0,
        27
      ]
    ],
    "latency": {
      "mean_ms": 14.700770459992327,
      "std_ms": 0.21421010143018918,
      "median_ms": 14.683187500054373,
      "p95_ms": 15.103321150047577
    }
  },
  "snr_sweep": {
    "0": {
      "cnn_only": 0.4,
      "cnn_bfp": 0.5166666666666667,
      "cnn_lstm_bfp": 0.6309523809523809
    },
    "5": {
      "cnn_only": 0.43333333333333335,
      "cnn_bfp": 0.49166666666666664,
      "cnn_lstm_bfp": 0.7738095238095238
    },
    "10": {
      "cnn_only": 0.49166666666666664,
      "cnn_bfp": 0.525,
      "cnn_lstm_bfp": 0.9404761904761905
    },
    "15": {
      "cnn_only": 0.55,
      "cnn_bfp": 0.49166666666666664,
      "cnn_lstm_bfp": 0.9761904761904762
    },
    "20": {
      "cnn_only": 0.525,
      "cnn_bfp": 0.475,
      "cnn_lstm_bfp": 0.9642857142857143
    }
  },
  "cfar": {
    "far_fixed_pct": 1.8326822916666665,
    "far_cfar_pct": 0.00948158610587989
  }
}