{
  "consistent_on_consistent": 0.4777777777777778,
  "consistent_on_randomized": 0.785,
  "randomized_on_randomized": 0.9666666666666667,
  "leakage_gap_pp": -30.72222222222222,
  "consistent_cm": [
    [
      1,
      16,
      6,
      0
    ],
    [
      0,
      13,
      4,
      0
    ],
    [
      0,
      3,
      19,
      1
    ],
    [
      0,
      9,
      8,
      10
    ]
  ],
  "randomized_cm": [
    [
      24,
      2,
      0,
      0
    ],
    [
      1,
      27,
      0,
      0
    ],
    [
      0,
      0,
      17,
      0
    ],
    [
      0,
      0,
      0,
      19
    ]
  ]
}